id,name,street_address,city,state,zipcode,classification,payment_Method,salary,rate,route,account
160769,Grant X. Mccarthy,9846 Arcu. Road,Ketchikan,AK,99634,3,1,36025.38,11,7117844-7,288413-2164
163695,Beatrice P. Ware,8903 Eget Rd.,Oklahoma City,OK,20552,1,1,0,86.47,26387832-9,212804-3003
165966,Rooney Alvarado,4963 Nisl. St. Ap #185,Gillette,WY,20226,3,2,34532.37,24,37324307-8,422046-0739
169927,Alexandra Y. Duke,P.O. Box 727,Springfield,MA,50647,2,2,31631.98,0,23609043-4,538878-8548
224568,Jenna B. Strickland,70156 Rutrum Street,Phoenix,AZ,86207,1,1,0,24.70,33878326-4,248847-6397
226423,Randall Horton,3834 Tortor Av.,Topeka,KS,52541,2,2,40872.60,0,13255163-4,104934-8350
265154,Amir Mcintosh,83493 Nibh. Ave,West Jordan,UT,40532,3,2,91254.76,27,8752077-3,866009-0500
283809,Hanae Dickson,1633 Dolor Av.,Dover,DE,61813,1,2,0,91.22,48786143-K,295643-0090
285767,Porter Wolfe,4842 Tincidunt Av.,Miami,FL,44875,1,1,0,87.54,16506147-0,087434-1662
349833,Damian Garrison,1646 In Street,San Francisco,CA,95787,2,2,99571.55,0,45550736-7,779184-5410
377013,Teagan Goodwin,P.O. Box 317,Akron,OH,66603,3,2,69765.24,13,24639186-6,433898-4976
379767,Jin W. Morrison,8628 Id St.,Milwaukee,WI,80356,3,1,64467.10,33,21038669-6,654904-8491
426824,Mira Y. Wolf,37224 Pharetra Ave,Savannah,GA,22329,1,2,0,26.99,12666803-1,158217-3462
454912,Sylvester J. Rowland,8628 Pede Ave,Baltimore,MD,93306,1,1,0,25.20,5363288-2,339235-5453
502141,Brock Sandoval,4882 Consectetuer Street,Wyoming,WY,15840,2,1,58436.75,0,13977869-3,906688-1963
522759,TaShya D. Snow,2624 Hendrerit St.,College,AK,99789,2,2,50005.50,0,36644938-8,244269-0000
531061,Alvin Guerrero,248 Mauris St. Ap #748,Indianapolis,IN,92237,2,2,56430.96,0,16935557-6,994966-8363
674261,Scott T. Shields,8402 Pretium Rd. Ap #163,Grand Rapids,MI,26321,1,1,0,83.43,21871936-8,779622-5618
688997,Karina Gay,998 Vitae St.,Atlanta,GA,45169,1,1,0,46.92,30417353-K,465794-3611
752867,Ruth S. Haley,6384 Risus Av. Ap #943,Waterbury,CT,58012,2,1,61050.17,0,12046284-9,399575-5166
900100,Sopoline Bullock,4963 Nisl. St. Ap #579,Idaho Falls,ID,65094,1,2,0,42.76,46979340-0,485847-0083
934003,Kelsey K. Saunders,9920 Aliquam Av. Ap #128,Salt Lake City,UT,97100,1,1,0,31.24,37723944-K,769125-4564
939825,Yoko M. Pitts,4825 Nec Ave,Meridian,ID,45614,1,1,0,46.64,44553589-3,785957-2104
969829,Bruce A. Raymond,65009 Iaculis Road,Juneau,AK,99719,1,2,0,17.33,28504011-6,397558-4404
983010,Jolene Burgess,P.O. Box 873,South Burlington,VT,32036,2,2,20042.77,0,15300058-1,828625-2906
